{"data":[{"code":"12.09","name":"Kabupaten Asahan"},{"code":"12.19","name":"Kabupaten Batu Bara"},{"code":"12.11","name":"Kabupaten Dairi"},{"code":"12.07","name":"Kabupaten Deli Serdang"},{"code":"12.16","name":"Kabupaten Humbang Hasundutan"},{"code":"12.06","name":"Kabupaten Karo"},{"code":"12.10","name":"Kabupaten Labuhanbatu"},{"code":"12.22","name":"Kabupaten Labuhanbatu Selatan"},{"code":"12.23","name":"Kabupaten Labuhanbatu Utara"},{"code":"12.05","name":"Kabupaten Langkat"},{"code":"12.13","name":"Kabupaten Mandailing Natal"},{"code":"12.04","name":"Kabupaten Nias"},{"code":"12.25","name":"Kabupaten Nias Barat"},{"code":"12.14","name":"Kabupaten Nias Selatan"},{"code":"12.24","name":"Kabupaten Nias Utara"},{"code":"12.21","name":"Kabupaten Padang Lawas"},{"code":"12.20","name":"Kabupaten Padang Lawas Utara"},{"code":"12.15","name":"Kabupaten Pakpak Bharat"},{"code":"12.17","name":"Kabupaten Samosir"},{"code":"12.18","name":"Kabupaten Serdang Bedagai"},{"code":"12.08","name":"Kabupaten Simalungun"},{"code":"12.03","name":"Kabupaten Tapanuli Selatan"},{"code":"12.01","name":"Kabupaten Tapanuli Tengah"},{"code":"12.02","name":"Kabupaten Tapanuli Utara"},{"code":"12.12","name":"Kabupaten Toba"},{"code":"12.75","name":"Kota Binjai"},{"code":"12.78","name":"Kota Gunungsitoli"},{"code":"12.71","name":"Kota Medan"},{"code":"12.77","name":"Kota Padangsidimpuan"},{"code":"12.72","name":"Kota Pematangsiantar"},{"code":"12.73","name":"Kota Sibolga"},{"code":"12.74","name":"Kota Tanjungbalai"},{"code":"12.76","name":"Kota Tebing Tinggi"}],"meta":{"administrative_area_level":2,"updated_at":"2025-07-04"}}