{"data":[{"code":"73.03","name":"Kabupaten Bantaeng"},{"code":"73.11","name":"Kabupaten Barru"},{"code":"73.08","name":"Kabupaten Bone"},{"code":"73.02","name":"Kabupaten Bulukumba"},{"code":"73.16","name":"Kabupaten Enrekang"},{"code":"73.06","name":"Kabupaten Gowa"},{"code":"73.04","name":"Kabupaten Jeneponto"},{"code":"73.01","name":"Kabupaten Kepulauan Selayar"},{"code":"73.17","name":"Kabupaten Luwu"},{"code":"73.24","name":"Kabupaten Luwu Timur"},{"code":"73.22","name":"Kabupaten Luwu Utara"},{"code":"73.09","name":"Kabupaten Maros"},{"code":"73.10","name":"Kabupaten Pangkajene dan Kepulauan"},{"code":"73.15","name":"Kabupaten Pinrang"},{"code":"73.14","name":"Kabupaten Sidenreng Rappang"},{"code":"73.07","name":"Kabupaten Sinjai"},{"code":"73.12","name":"Kabupaten Soppeng"},{"code":"73.05","name":"Kabupaten Takalar"},{"code":"73.18","name":"Kabupaten Tana Toraja"},{"code":"73.26","name":"Kabupaten Toraja Utara"},{"code":"73.13","name":"Kabupaten Wajo"},{"code":"73.71","name":"Kota Makassar"},{"code":"73.73","name":"Kota Palopo"},{"code":"73.72","name":"Kota Parepare"}],"meta":{"administrative_area_level":2,"updated_at":"2025-07-04"}}